week,rsv_cases_65_baseline,flu_season,start_year,calendar_year,year_week,uptake_shape,season_week,season_cov,template_shape,vax_weekly,vax_cov,vax_weekly_lag2,vax_cov_lag2,scenario
42,80724.96411944448,2026-2027,2026,2026,2026-42,0.0,3,0.268308065494239,0.06536456158967449,0.017537839072004603,0.1175378390720046,0.0,0.0,low
43,64292.215837643445,2026-2027,2026,2026,2026-43,0.0,4,0.268308065494239,0.06214519310897873,0.016674056542835998,0.1342118956148406,0.0,0.0,low
44,51554.70032329951,2026-2027,2026,2026,2026-44,0.0,5,0.268308065494239,0.059022885208016594,0.015836316150051467,0.15004821176489208,0.017537839072004603,0.017537839072004603,low
45,70726.19698527816,2026-2027,2026,2026,2026-45,0.0,6,0.268308065494239,0.0559966423322492,0.015024350778338596,0.16507256254323066,0.016674056542835998,0.0342118956148406,low
46,61784.98855322787,2026-2027,2026,2026,2026-46,0.0,7,0.268308065494239,0.05306545850049194,0.014237890514831816,0.17931045305806248,0.015836316150051467,0.05004821176489207,low
47,74891.45784655388,2026-2027,2026,2026,2026-47,0.0,8,0.268308065494239,0.05022831697025985,0.013476662559321876,0.19278711561738437,0.015024350778338596,0.06507256254323067,low
48,78791.11519847276,2026-2027,2026,2026,2026-48,0.0,9,0.268308065494239,0.047484189884816855,0.012740391129556322,0.2055275067469407,0.014237890514831816,0.07931045305806247,low
49,93357.77378230238,2026-2027,2026,2026,2026-49,0.0,10,0.268308065494239,0.0448320379004977,0.012028797361246943,0.21755630410818763,0.013476662559321876,0.09278711561738436,low
50,99881.3248097,2026-2027,2026,2026,2026-50,0.0,11,0.268308065494239,0.04227080979272265,0.01134159920236035,0.22889790331054796,0.012740391129556322,0.10552750674694068,low
51,109526.88845336525,2026-2027,2026,2026,2026-51,0.0,12,0.268308065494239,0.03979944203895961,0.010678511301223345,0.23957641461177132,0.012028797361246943,0.11755630410818763,low
52,97597.25251858615,2026-2027,2026,2026,2026-52,0.0,13,0.268308065494239,0.037416858376699856,0.01003924488792425,0.24961565949969558,0.01134159920236035,0.12889790331054796,low
1,88716.35546435432,2026-2027,2026,2027,2027-01,0.0,14,0.268308065494239,0.02806626102658422,0.007530404201699167,0.2571460637013947,0.010678511301223345,0.1395764146117713,low
2,84828.87590899944,2026-2027,2026,2027,2027-02,0.0,15,0.268308065494239,0.026874853634218456,0.007210739989037973,0.2643568036904327,0.01003924488792425,0.14961565949969557,low
3,68763.05622401096,2026-2027,2026,2027,2027-03,0.0,16,0.268308065494239,0.02533841532331421,0.006798501198088018,0.268308065494239,0.007530404201699167,0.15714606370139472,low
4,60022.082962059045,2026-2027,2026,2027,2027-04,0.0,17,0.268308065494239,0.020957564754174735,0.00562308365666287,0.268308065494239,0.007210739989037973,0.1643568036904327,low
5,48451.11924660505,2026-2027,2026,2027,2027-05,0.0,18,0.268308065494239,0.019842931191062136,0.005324018481609178,0.268308065494239,0.006798501198088018,0.17115530488852074,low
6,48583.186685876695,2026-2027,2026,2027,2027-06,0.0,19,0.268308065494239,0.01847109284060652,0.0049559431876276235,0.268308065494239,0.00562308365666287,0.1767783885451836,low
7,43047.953588625904,2026-2027,2026,2027,2027-07,0.0,20,0.268308065494239,0.01739309097156841,0.004666706591546834,0.268308065494239,0.005324018481609178,0.18210240702679278,low
8,46424.20742004248,2026-2027,2026,2027,2027-08,0.0,21,0.268308065494239,0.01616405247948285,0.004336945651317401,0.268308065494239,0.0049559431876276235,0.18705835021442038,low
9,40645.207521865006,2026-2027,2026,2027,2027-09,0.0,22,0.268308065494239,0.015119592231622573,0.004056708542728377,0.268308065494239,0.004666706591546834,0.19172505680596724,low
10,32985.30510404069,2026-2027,2026,2027,2027-10,0.0,23,0.268308065494239,0.013932671778213189,0.00373824821197856,0.268308065494239,0.004336945651317401,0.19606200245728464,low
11,31108.524501525273,2026-2027,2026,2027,2027-11,0.0,24,0.268308065494239,0.012883281761658568,0.003456688406687822,0.268308065494239,0.004056708542728377,0.200118711000013,low
12,27001.663871025423,2026-2027,2026,2027,2027-12,0.0,25,0.268308065494239,0.011821258099295946,0.0031717388923302,0.268308065494239,0.00373824821197856,0.20385695921199157,low
13,28771.483090703416,2026-2027,2026,2027,2027-13,0.0,26,0.268308065494239,0.010794367430770635,0.002896215843584088,0.268308065494239,0.003456688406687822,0.2073136476186794,low
14,25397.346219665214,2026-2027,2026,2027,2027-14,0.0,27,0.268308065494239,0.009874724554315619,0.002649468242456885,0.268308065494239,0.0031717388923302,0.2104853865110096,low
15,21840.778408156617,2026-2027,2026,2027,2027-15,0.0,28,0.268308065494239,0.008977329209662462,0.0024086898335494607,0.268308065494239,0.002896215843584088,0.2133816023545937,low
16,23477.614230762567,2026-2027,2026,2027,2027-16,0.0,29,0.268308065494239,0.008109688823336632,0.002175894919949703,0.268308065494239,0.002649468242456885,0.21603107059705057,low
17,18186.54786064728,2026-2027,2026,2027,2027-17,0.0,30,0.268308065494239,0.0072920849705532765,0.0019565252118687645,0.268308065494239,0.0024086898335494607,0.2184397604306,low
42,80724.96411944448,2027-2028,2027,2027,2027-42,0.0,3,0.3408432574569941,0.06536456158967449,0.022279070094472973,0.12227907009447297,0.0,0.0,low
43,64292.215837643445,2027-2028,2027,2027,2027-43,0.0,4,0.3408432574569941,0.06214519310897873,0.021181770054558253,0.14346084014903124,0.0,0.0,low
44,51554.70032329951,2027-2028,2027,2027,2027-44,0.0,5,0.3408432574569941,0.059022885208016594,0.02011755245881061,0.16357839260784185,0.022279070094472973,0.022279070094472973,low
45,70726.19698527816,2027-2028,2027,2027,2027-45,0.0,6,0.3408432574569941,0.0559966423322492,0.01908607797917803,0.18266447058701987,0.021181770054558253,0.043460840149031225,low
46,61784.98855322787,2027-2028,2027,2027,2027-46,0.0,7,0.3408432574569941,0.05306545850049194,0.018087003733756612,0.2007514743207765,0.02011755245881061,0.06357839260784184,low
47,74891.45784655388,2027-2028,2027,2027,2027-47,0.0,8,0.3408432574569941,0.05022831697025985,0.017119983172725783,0.21787145749350229,0.01908607797917803,0.08266447058701987,low
48,78791.11519847276,2027-2028,2027,2027,2027-48,0.0,9,0.3408432574569941,0.047484189884816855,0.016184665958047427,0.2340561234515497,0.018087003733756612,0.10075147432077648,low
49,93357.77378230238,2027-2028,2027,2027,2027-49,0.0,10,0.3408432574569941,0.0448320379004977,0.015280697836441056,0.24933682128799076,0.017119983172725783,0.11787145749350227,low
50,99881.3248097,2027-2028,2027,2027,2027-50,0.0,11,0.3408432574569941,0.04227080979272265,0.014407720505096595,0.2637445417930874,0.016184665958047427,0.13405612345154969,low
51,109526.88845336525,2027-2028,2027,2027,2027-51,0.0,12,0.3408432574569941,0.03979944203895961,0.013565371469529826,0.27730991326261717,0.015280697836441056,0.14933682128799075,low
52,97597.25251858615,2027-2028,2027,2027,2027-52,0.0,13,0.3408432574569941,0.037416858376699856,0.012753283892921395,0.2900631971555386,0.014407720505096595,0.16374454179308734,low
1,88716.35546435432,2027-2028,2027,2028,2028-01,0.0,14,0.3408432574569941,0.02806626102658422,0.009566195832939245,0.2996293929884778,0.013565371469529826,0.17730991326261716,low
2,84828.87590899944,2027-2028,2027,2028,2028-02,0.0,15,0.3408432574569941,0.026874853634218456,0.009160112656366955,0.30878950564484475,0.012753283892921395,0.19006319715553857,low
3,68763.05622401096,2027-2028,2027,2028,2028-03,0.0,16,0.3408432574569941,0.02533841532331421,0.008636428017596629,0.31742593366244143,0.009566195832939245,0.19962939298847782,low
4,60022.082962059045,2027-2028,2027,2028,2028-04,0.0,17,0.3408432574569941,0.020957564754174735,0.0071432446391788045,0.32456917830162024,0.009160112656366955,0.20878950564484478,low
5,48451.11924660505,2027-2028,2027,2028,2028-05,0.0,18,0.3408432574569941,0.019842931191062136,0.006763329304656611,0.3313325076062768,0.008636428017596629,0.2174259336624414,low
6,48583.186685876695,2027-2028,2027,2028,2028-06,0.0,19,0.3408432574569941,0.01847109284060652,0.006295747452582889,0.33762825505885974,0.0071432446391788045,0.2245691783016202,low
7,43047.953588625904,2027-2028,2027,2028,2028-07,0.0,20,0.3408432574569941,0.01739309097156841,0.005928317783995211,0.3408432574569941,0.006763329304656611,0.2313325076062768,low
8,46424.20742004248,2027-2028,2027,2028,2028-08,0.0,21,0.3408432574569941,0.01616405247948285,0.005509408300812738,0.3408432574569941,0.006295747452582889,0.2376282550588597,low
9,40645.207521865006,2027-2028,2027,2028,2028-09,0.0,22,0.3408432574569941,0.015119592231622573,0.005153411067647701,0.3408432574569941,0.005928317783995211,0.2435565728428549,low
10,32985.30510404069,2027-2028,2027,2028,2028-10,0.0,23,0.3408432574569941,0.013932671778213189,0.004748857233965314,0.3408432574569941,0.005509408300812738,0.24906598114366765,low
11,31108.524501525273,2027-2028,2027,2028,2028-11,0.0,24,0.3408432574569941,0.012883281761658568,0.004391179722379988,0.3408432574569941,0.005153411067647701,0.25421939221131534,low
12,27001.663871025423,2027-2028,2027,2028,2028-12,0.0,25,0.3408432574569941,0.011821258099295946,0.004029196117803905,0.3408432574569941,0.004748857233965314,0.2589682494452807,low
13,28771.483090703416,2027-2028,2027,2028,2028-13,0.0,26,0.3408432574569941,0.010794367430770635,0.003679187357291548,0.3408432574569941,0.004391179722379988,0.26335942916766064,low
14,25397.346219665214,2027-2028,2027,2028,2028-14,0.0,27,0.3408432574569941,0.009874724554315619,0.0033657332835835,0.3408432574569941,0.004029196117803905,0.26738862528546453,low
15,21840.778408156617,2027-2028,2027,2028,2028-15,0.0,28,0.3408432574569941,0.008977329209662462,0.003059862131085176,0.3408432574569941,0.003679187357291548,0.2710678126427561,low
16,23477.614230762567,2027-2028,2027,2028,2028-16,0.0,29,0.3408432574569941,0.008109688823336632,0.002764132755508635,0.3408432574569941,0.0033657332835835,0.2744335459263396,low
17,18186.54786064728,2027-2028,2027,2028,2028-17,0.0,30,0.3408432574569941,0.0072920849705532765,0.0024854579950165678,0.3408432574569941,0.003059862131085176,0.2774934080574248,low
42,80724.96411944448,2028-2029,2028,2028,2028-42,0.0,3,0.4072189475865359,0.06536456158967449,0.026617687980002552,0.12661768798000256,0.0,0.0,low
43,64292.215837643445,2028-2029,2028,2028,2028-43,0.0,4,0.4072189475865359,0.06214519310897873,0.02530670013540036,0.15192438811540293,0.0,0.0,low
44,51554.70032329951,2028-2029,2028,2028,2028-44,0.0,5,0.4072189475865359,0.059022885208016594,0.024035237197929434,0.17595962531333237,0.026617687980002552,0.026617687980002552,low
45,70726.19698527816,2028-2029,2028,2028,2028-45,0.0,6,0.4072189475865359,0.0559966423322492,0.022802893758918183,0.19876251907225054,0.02530670013540036,0.05192438811540291,low
46,61784.98855322787,2028-2029,2028,2028,2028-46,0.0,7,0.4072189475865359,0.05306545850049194,0.021609260163767324,0.22037177923601786,0.024035237197929434,0.07595962531333235,low
47,74891.45784655388,2028-2029,2028,2028,2028-47,0.0,8,0.4072189475865359,0.05022831697025985,0.020453922375672156,0.24082570161169,0.022802893758918183,0.09876251907225053,low
48,78791.11519847276,2028-2029,2028,2028,2028-48,0.0,9,0.4072189475865359,0.047484189884816855,0.01933646183189435,0.26016216344358434,0.021609260163767324,0.12037177923601786,low
49,93357.77378230238,2028-2029,2028,2028,2028-49,0.0,10,0.4072189475865359,0.0448320379004977,0.018256455292000363,0.2784186187355847,0.020453922375672156,0.14082570161169,low
50,99881.3248097,2028-2029,2028,2028,2028-50,0.0,11,0.4072189475865359,0.04227080979272265,0.017213474677423152,0.2956320934130079,0.01933646183189435,0.16016216344358436,low
51,109526.88845336525,2028-2029,2028,2028,2028-51,0.0,12,0.4072189475865359,0.03979944203895961,0.016207086901636466,0.3118391803146443,0.018256455292000363,0.17841861873558473,low
52,97597.25251858615,2028-2029,2028,2028,2028-52,0.0,13,0.4072189475865359,0.037416858376699856,0.015236853690154175,0.3270760340047985,0.017213474677423152,0.19563209341300788,low
1,88716.35546435432,2028-2029,2028,2029,2029-01,0.0,14,0.4072189475865359,0.02806626102658422,0.011429113277934633,0.3385051472827332,0.016207086901636466,0.21183918031464433,low
2,84828.87590899944,2028-2029,2028,2029,2029-02,0.0,15,0.4072189475865359,0.026874853634218456,0.010943949613468628,0.3494490968962018,0.015236853690154175,0.2270760340047985,low
3,68763.05622401096,2028-2029,2028,2029,2029-03,0.0,16,0.4072189475865359,0.02533841532331421,0.010318282821470567,0.35976737971767236,0.011429113277934633,0.23850514728273314,low
4,60022.082962059045,2028-2029,2028,2029,2029-04,0.0,17,0.4072189475865359,0.020957564754174735,0.008534317463171712,0.36830169718084405,0.010943949613468628,0.2494490968962018,low
5,48451.11924660505,2028-2029,2028,2029,2029-05,0.0,18,0.4072189475865359,0.019842931191062136,0.00808041755665637,0.3763821147375004,0.010318282821470567,0.25976737971767233,low
6,48583.186685876695,2028-2029,2028,2029,2029-06,0.0,19,0.4072189475865359,0.01847109284060652,0.007521778987324985,0.38390389372482536,0.008534317463171712,0.26830169718084407,low
7,43047.953588625904,2028-2029,2028,2029,2029-07,0.0,20,0.4072189475865359,0.01739309097156841,0.007082796200718966,0.3909866899255444,0.00808041755665637,0.2763821147375004,low
8,46424.20742004248,2028-2029,2028,2029,2029-08,0.0,21,0.4072189475865359,0.01616405247948285,0.006582308439428542,0.39756899836497295,0.007521778987324985,0.2839038937248254,low
9,40645.207521865006,2028-2029,2028,2029,2029-09,0.0,22,0.4072189475865359,0.015119592231622573,0.006156984436498907,0.40372598280147187,0.007082796200718966,0.2909866899255444,low
10,32985.30510404069,2028-2029,2028,2029,2029-10,0.0,23,0.4072189475865359,0.013932671778213189,0.005673647938592604,0.4072189475865359,0.006582308439428542,0.2975689983649729,low
11,31108.524501525273,2028-2029,2028,2029,2029-11,0.0,24,0.4072189475865359,0.012883281761658568,0.0052463164404434135,0.4072189475865359,0.006156984436498907,0.30372598280147184,low
12,27001.663871025423,2028-2029,2028,2029,2029-12,0.0,25,0.4072189475865359,0.011821258099295946,0.004813840282344109,0.4072189475865359,0.005673647938592604,0.30939963074006444,low
13,28771.483090703416,2028-2029,2028,2029,2029-13,0.0,26,0.4072189475865359,0.010794367430770635,0.004395670945020797,0.4072189475865359,0.0052463164404434135,0.31464594718050787,low
14,25397.346219665214,2028-2029,2028,2029,2029-14,0.0,27,0.4072189475865359,0.009874724554315619,0.004021174940715331,0.4072189475865359,0.004813840282344109,0.319459787462852,low
15,21840.778408156617,2028-2029,2028,2029,2029-15,0.0,28,0.4072189475865359,0.008977329209662462,0.0036557385528966156,0.4072189475865359,0.004395670945020797,0.3238554584078728,low
16,23477.614230762567,2028-2029,2028,2029,2029-16,0.0,29,0.4072189475865359,0.008109688823336632,0.0033024189478934357,0.4072189475865359,0.004021174940715331,0.3278766333485881,low
17,18186.54786064728,2028-2029,2028,2029,2029-17,0.0,30,0.4072189475865359,0.0072920849705532765,0.0029694751674203008,0.4072189475865359,0.0036557385528966156,0.3315323719014847,low
42,80724.96411944448,2029-2030,2029,2029,2029-42,0.0,3,0.45834787542904953,0.06536456158967449,0.02995970793297856,0.12995970793297856,0.0,0.0,low
43,64292.215837643445,2029-2030,2029,2029,2029-43,0.0,4,0.45834787542904953,0.06214519310897873,0.02848411722962841,0.15844382516260697,0.0,0.0,low
44,51554.70032329951,2029-2030,2029,2029,2029-44,0.0,5,0.45834787542904953,0.059022885208016594,0.02705301403678708,0.18549683919939405,0.02995970793297856,0.02995970793297856,low
45,70726.19698527816,2029-2030,2029,2029,2029-45,0.0,6,0.45834787542904953,0.0559966423322492,0.025665942044146798,0.21116278124354085,0.02848411722962841,0.058443825162606974,low
46,61784.98855322787,2029-2030,2029,2029,2029-46,0.0,7,0.45834787542904953,0.05306545850049194,0.02432244016236888,0.23548522140590974,0.02705301403678708,0.08549683919939405,low
47,74891.45784655388,2029-2030,2029,2029,2029-47,0.0,8,0.45834787542904953,0.05022831697025985,0.023022042369695475,0.2585072637756052,0.025665942044146798,0.11116278124354084,low
48,78791.11519847276,2029-2030,2029,2029,2029-48,0.0,9,0.45834787542904953,0.047484189884816855,0.02176427755017537,0.2802715413257806,0.02432244016236888,0.13548522140590974,low
49,93357.77378230238,2029-2030,2029,2029,2029-49,0.0,10,0.45834787542904953,0.0448320379004977,0.020548669322847747,0.3008202106486283,0.023022042369695475,0.1585072637756052,low
50,99881.3248097,2029-2030,2029,2029,2029-50,0.0,11,0.45834787542904953,0.04227080979272265,0.019374735861159887,0.3201949465097882,0.02176427755017537,0.18027154132578058,low
51,109526.88845336525,2029-2030,2029,2029,2029-51,0.0,12,0.45834787542904953,0.03979944203895961,0.018241989701818735,0.338436936211607,0.020548669322847747,0.20082021064862832,low
52,97597.25251858615,2029-2030,2029,2029,2029-52,0.0,13,0.45834787542904953,0.037416858376699856,0.017149937542190016,0.35558687375379694,0.019374735861159887,0.22019494650978821,low
1,88716.35546435432,2029-2030,2029,2030,2030-01,0.0,14,0.45834787542904953,0.02806626102658422,0.012864111112772011,0.368450984866569,0.018241989701818735,0.23843693621160694,low
2,84828.87590899944,2029-2030,2029,2030,2030-02,0.0,15,0.45834787542904953,0.026874853634218456,0.0123180320657107,0.3807690169322797,0.017149937542190016,0.25558687375379696,low
3,68763.05622401096,2029-2030,2029,2030,2030-03,0.0,16,0.45834787542904953,0.02533841532331421,0.01161380883017994,0.39238282576245964,0.012864111112772011,0.268450984866569,low
4,60022.082962059045,2029-2030,2029,2030,2030-04,0.0,17,0.45834787542904953,0.020957564754174735,0.009605855279242721,0.4019886810417024,0.0123180320657107,0.2807690169322797,low
5,48451.11924660505,2029-2030,2029,2030,2030-05,0.0,18,0.45834787542904953,0.019842931191062136,0.00909496535370815,0.4110836463954105,0.01161380883017994,0.2923828257624596,low
6,48583.186685876695,2029-2030,2029,2030,2030-06,0.0,19,0.45834787542904953,0.01847109284060652,0.008466186160344726,0.4195498325557552,0.009605855279242721,0.30198868104170234,low
7,43047.953588625904,2029-2030,2029,2030,2030-07,0.0,20,0.45834787542904953,0.01739309097156841,0.007972086293962564,0.4275219188497178,0.00909496535370815,0.3110836463954105,low
8,46424.20742004248,2029-2030,2029,2030,2030-08,0.0,21,0.45834787542904953,0.01616405247948285,0.007408759112294625,0.43493067796201235,0.008466186160344726,0.3195498325557552,low
9,40645.207521865006,2029-2030,2029,2030,2030-09,0.0,22,0.45834787542904953,0.015119592231622573,0.006930032976717768,0.44186071093873014,0.007972086293962564,0.32752191884971776,low
10,32985.30510404069,2029-2030,2029,2030,2030-10,0.0,23,0.45834787542904953,0.013932671778213189,0.006386010508594293,0.44824672144732447,0.007408759112294625,0.33493067796201237,low
11,31108.524501525273,2029-2030,2029,2030,2030-11,0.0,24,0.45834787542904953,0.012883281761658568,0.005905024824010027,0.4541517462713345,0.006930032976717768,0.34186071093873016,low
12,27001.663871025423,2029-2030,2029,2030,2030-12,0.0,25,0.45834787542904953,0.011821258099295946,0.0054182485347107415,0.45834787542904953,0.006386010508594293,0.34824672144732444,low
13,28771.483090703416,2029-2030,2029,2030,2030-13,0.0,26,0.45834787542904953,0.010794367430770635,0.004947575378494249,0.45834787542904953,0.005905024824010027,0.3541517462713345,low
14,25397.346219665214,2029-2030,2029,2030,2030-14,0.0,27,0.45834787542904953,0.009874724554315619,0.0045260590199176325,0.45834787542904953,0.0054182485347107415,0.35956999480604523,low
15,21840.778408156617,2029-2030,2029,2030,2030-15,0.0,28,0.45834787542904953,0.008977329209662462,0.004114739770275938,0.45834787542904953,0.004947575378494249,0.36451757018453945,low
16,23477.614230762567,2029-2030,2029,2030,2030-16,0.0,29,0.45834787542904953,0.008109688823336632,0.003717058642567054,0.45834787542904953,0.0045260590199176325,0.3690436292044571,low
17,18186.54786064728,2029-2030,2029,2030,2030-17,0.0,30,0.45834787542904953,0.0072920849705532765,0.0033423116537011975,0.45834787542904953,0.004114739770275938,0.37315836897473303,low
42,80724.96411944448,2030-2031,2030,2030,2030-42,0.0,3,0.491470274606283,0.06536456158967449,0.032124739033996624,0.13212473903399663,0.0,0.0,low
43,64292.215837643445,2030-2031,2030,2030,2030-43,0.0,4,0.491470274606283,0.06214519310897873,0.030542515122730263,0.1626672541567269,0.0,0.0,low
44,51554.70032329951,2030-2031,2030,2030,2030-44,0.0,5,0.491470274606283,0.059022885208016594,0.029007993601239034,0.19167524775796593,0.032124739033996624,0.032124739033996624,low
45,70726.19698527816,2030-2031,2030,2030,2030-45,0.0,6,0.491470274606283,0.0559966423322492,0.027520685184060326,0.21919593294202624,0.030542515122730263,0.06266725415672689,low
46,61784.98855322787,2030-2031,2030,2030,2030-46,0.0,7,0.491470274606283,0.05306545850049194,0.026080095461345088,0.24527602840337134,0.029007993601239034,0.09167524775796593,low
47,74891.45784655388,2030-2031,2030,2030,2030-47,0.0,8,0.491470274606283,0.05022831697025985,0.02468572473438503,0.2699617531377564,0.027520685184060326,0.11919593294202624,low
48,78791.11519847276,2030-2031,2030,2030,2030-48,0.0,9,0.491470274606283,0.047484189884816855,0.023337067842147827,0.29329882097990423,0.026080095461345088,0.14527602840337134,low
49,93357.77378230238,2030-2031,2030,2030,2030-49,0.0,10,0.491470274606283,0.0448320379004977,0.022033613978116894,0.3153324349580211,0.02468572473438503,0.16996175313775636,low
50,99881.3248097,2030-2031,2030,2030,2030-50,0.0,11,0.491470274606283,0.04227080979272265,0.02077484649665936,0.33610728145468044,0.023337067842147827,0.1932988209799042,low
51,109526.88845336525,2030-2031,2030,2030,2030-51,0.0,12,0.491470274606283,0.03979944203895961,0.019560242708064324,0.3556675241627447,0.022033613978116894,0.2153324349580211,low
52,97597.25251858615,2030-2031,2030,2030,2030-52,0.0,13,0.491470274606283,0.037416858376699856,0.018389273661301078,0.3740567978240459,0.02077484649665936,0.23610728145468043,low
1,88716.35546435432,2030-2031,2030,2031,2031-01,0.0,14,0.491470274606283,0.02806626102658422,0.013793733013906965,0.38785053083795284,0.019560242708064324,0.25566752416274474,low
2,84828.87590899944,2030-2031,2030,2031,2031-02,0.0,15,0.491470274606283,0.026874853634218456,0.013208191695613008,0.4010587225335658,0.018389273661301078,0.27405679782404585,low
3,68763.05622401096,2030-2031,2030,2031,2031-03,0.0,16,0.491470274606283,0.02533841532331421,0.012453077937037283,0.4135118004706031,0.013793733013906965,0.2878505308379528,low
4,60022.082962059045,2030-2031,2030,2031,2031-04,0.0,17,0.491470274606283,0.020957564754174735,0.010300020104813215,0.42381182057541633,0.013208191695613008,0.3010587225335658,low
5,48451.11924660505,2030-2031,2030,2031,2031-05,0.0,18,0.491470274606283,0.019842931191062136,0.009752210841464886,0.43356403141688116,0.012453077937037283,0.3135118004706031,low
6,48583.186685876695,2030-2031,2030,2031,2031-06,0.0,19,0.491470274606283,0.01847109284060652,0.009077993070651035,0.4426420244875322,0.010300020104813215,0.3238118205754163,low
7,43047.953588625904,2030-2031,2030,2031,2031-07,0.0,20,0.491470274606283,0.01739309097156841,0.008548187196048787,0.451190211683581,0.009752210841464886,0.3335640314168812,low
8,46424.20742004248,2030-2031,2030,2031,2031-08,0.0,21,0.491470274606283,0.01616405247948285,0.007944151310841807,0.4591343629944228,0.009077993070651035,0.3426420244875322,low
9,40645.207521865006,2030-2031,2030,2031,2031-09,0.0,22,0.491470274606283,0.015119592231622573,0.007430830146010569,0.46656519314043343,0.008548187196048787,0.351190211683581,low
10,32985.30510404069,2030-2031,2030,2031,2031-10,0.0,23,0.491470274606283,0.013932671778213189,0.006847494024837646,0.4734126871652711,0.007944151310841807,0.3591343629944228,low
11,31108.524501525273,2030-2031,2030,2031,2031-11,0.0,24,0.491470274606283,0.012883281761658568,0.006331750025232454,0.4797444371905035,0.007430830146010569,0.3665651931404334,low
12,27001.663871025423,2030-2031,2030,2031,2031-12,0.0,25,0.491470274606283,0.011821258099295946,0.005809796964252725,0.4855542341547562,0.006847494024837646,0.37341268716527104,low
13,28771.483090703416,2030-2031,2030,2031,2031-13,0.0,26,0.491470274606283,0.010794367430770635,0.005305110725401962,0.49085934488015814,0.006331750025232454,0.3797444371905035,low
14,25397.346219665214,2030-2031,2030,2031,2031-14,0.0,27,0.491470274606283,0.009874724554315619,0.004853133588370903,0.491470274606283,0.005809796964252725,0.3855542341547562,low
15,21840.778408156617,2030-2031,2030,2031,2031-15,0.0,28,0.491470274606283,0.008977329209662462,0.004412090451903816,0.491470274606283,0.005305110725401962,0.39085934488015817,low
16,23477.614230762567,2030-2031,2030,2031,2031-16,0.0,29,0.491470274606283,0.008109688823336632,0.003985670992976758,0.491470274606283,0.004853133588370903,0.3957124784685291,low
17,18186.54786064728,2030-2031,2030,2031,2031-17,0.0,30,0.491470274606283,0.0072920849705532765,0.003583843002930168,0.491470274606283,0.004412090451903816,0.4001245689204329,low
42,80724.96411944448,2026-2027,2026,2026,2026-42,0.0,3,0.3149696785930869,0.06536456158967449,0.020587854955277807,0.12058785495527781,0.0,0.0,mid
43,64292.215837643445,2026-2027,2026,2026,2026-43,0.0,4,0.3149696785930869,0.06214519310897873,0.01957385149964035,0.14016170645491816,0.0,0.0,mid
44,51554.70032329951,2026-2027,2026,2026,2026-44,0.0,5,0.3149696785930869,0.059022885208016594,0.01859041918360565,0.1587521256385238,0.020587854955277807,0.020587854955277807,mid
45,70726.19698527816,2026-2027,2026,2026,2026-45,0.0,6,0.3149696785930869,0.0559966423322492,0.017637244437680572,0.17638937007620437,0.01957385149964035,0.04016170645491816,mid
46,61784.98855322787,2026-2027,2026,2026,2026-46,0.0,7,0.3149696785930869,0.05306545850049194,0.016714010408294736,0.19310338048449913,0.01859041918360565,0.058752125638523806,mid
47,74891.45784655388,2026-2027,2026,2026,2026-47,0.0,8,0.3149696785930869,0.05022831697025985,0.015820396852394437,0.20892377733689355,0.017637244437680572,0.07638937007620437,mid
48,78791.11519847276,2026-2027,2026,2026,2026-48,0.0,9,0.3149696785930869,0.047484189884816855,0.014956080026273872,0.22387985736316743,0.016714010408294736,0.09310338048449912,mid
49,93357.77378230238,2026-2027,2026,2026,2026-49,0.0,10,0.3149696785930869,0.0448320379004977,0.01412073256819285,0.23800058993136028,0.015820396852394437,0.10892377733689355,mid
50,99881.3248097,2026-2027,2026,2026,2026-50,0.0,11,0.3149696785930869,0.04227080979272265,0.013314023374283362,0.25131461330564364,0.014956080026273872,0.12387985736316742,mid
51,109526.88845336525,2026-2027,2026,2026,2026-51,0.0,12,0.3149696785930869,0.03979944203895961,0.012535617467195299,0.263850230772839,0.01412073256819285,0.13800058993136027,mid
52,97597.25251858615,2026-2027,2026,2026,2026-52,0.0,13,0.3149696785930869,0.037416858376699856,0.011785175856872205,0.27563540662971114,0.013314023374283362,0.15131461330564364,mid
1,88716.35546435432,2026-2027,2026,2027,2027-01,0.0,14,0.3149696785930869,0.02806626102658422,0.008840021214852913,0.28447542784456403,0.012535617467195299,0.16385023077283895,mid
2,84828.87590899944,2026-2027,2026,2027,2027-02,0.0,15,0.3149696785930869,0.026874853634218456,0.00846476401140604,0.2929401918559701,0.011785175856872205,0.17563540662971114,mid
3,68763.05622401096,2026-2027,2026,2027,2027-03,0.0,16,0.3149696785930869,0.02533841532331421,0.007980832530442425,0.30092102438641255,0.008840021214852913,0.18447542784456405,mid
4,60022.082962059045,2026-2027,2026,2027,2027-04,0.0,17,0.3149696785930869,0.020957564754174735,0.006600997434716222,0.30752202182112875,0.00846476401140604,0.19294019185597008,mid
5,48451.11924660505,2026-2027,2026,2027,2027-05,0.0,18,0.3149696785930869,0.019842931191062136,0.00624992165959358,0.31377194348072235,0.007980832530442425,0.20092102438641252,mid
6,48583.186685876695,2026-2027,2026,2027,2027-06,0.0,19,0.3149696785930869,0.01847109284060652,0.005817834175268904,0.3149696785930869,0.006600997434716222,0.20752202182112875,mid
7,43047.953588625904,2026-2027,2026,2027,2027-07,0.0,20,0.3149696785930869,0.01739309097156841,0.005478296273055223,0.3149696785930869,0.00624992165959358,0.21377194348072232,mid
8,46424.20742004248,2026-2027,2026,2027,2027-08,0.0,21,0.3149696785930869,0.01616405247948285,0.005091186414224503,0.3149696785930869,0.005817834175268904,0.21958977765599122,mid
9,40645.207521865006,2026-2027,2026,2027,2027-09,0.0,22,0.3149696785930869,0.015119592231622573,0.004762213105652695,0.3149696785930869,0.005478296273055223,0.22506807392904646,mid
10,32985.30510404069,2026-2027,2026,2027,2027-10,0.0,23,0.3149696785930869,0.013932671778213189,0.004388369151926781,0.3149696785930869,0.005091186414224503,0.23015926034327094,mid
11,31108.524501525273,2026-2027,2026,2027,2027-11,0.0,24,0.3149696785930869,0.012883281761658568,0.004057843115693778,0.3149696785930869,0.004762213105652695,0.23492147344892364,mid
12,27001.663871025423,2026-2027,2026,2027,2027-12,0.0,25,0.3149696785930869,0.011821258099295946,0.0037233378641011693,0.3149696785930869,0.004388369151926781,0.23930984260085042,mid
13,28771.483090703416,2026-2027,2026,2027,2027-13,0.0,26,0.3149696785930869,0.010794367430770635,0.003399898440285512,0.3149696785930869,0.004057843115693778,0.2433676857165442,mid
14,25397.346219665214,2026-2027,2026,2027,2027-14,0.0,27,0.3149696785930869,0.009874724554315619,0.003110238819068054,0.3149696785930869,0.0037233378641011693,0.24709102358064539,mid
15,21840.778408156617,2026-2027,2026,2027,2027-15,0.0,28,0.3149696785930869,0.008977329209662462,0.0028275864957917163,0.3149696785930869,0.003399898440285512,0.2504909220209309,mid
16,23477.614230762567,2026-2027,2026,2027,2027-16,0.0,29,0.3149696785930869,0.008109688823336632,0.002554306082176288,0.3149696785930869,0.003110238819068054,0.25360116083999895,mid
17,18186.54786064728,2026-2027,2026,2027,2027-17,0.0,30,0.3149696785930869,0.0072920849705532765,0.002296785659448645,0.3149696785930869,0.0028275864957917163,0.25642874733579063,mid
42,80724.96411944448,2027-2028,2027,2027,2027-42,0.0,3,0.4507370888307285,0.06536456158967449,0.029462232203626735,0.12946223220362674,0.0,0.0,mid
43,64292.215837643445,2027-2028,2027,2027,2027-43,0.0,4,0.4507370888307285,0.06214519310897873,0.028011143426764522,0.15747337563039127,0.0,0.0,mid
44,51554.70032329951,2027-2028,2027,2027,2027-44,0.0,5,0.4507370888307285,0.059022885208016594,0.026603803453051668,0.18407717908344293,0.029462232203626735,0.029462232203626735,mid
45,70726.19698527816,2027-2028,2027,2027,2027-45,0.0,6,0.4507370888307285,0.0559966423322492,0.02523976354913354,0.20931694263257647,0.028011143426764522,0.05747337563039126,mid
46,61784.98855322787,2027-2028,2027,2027,2027-46,0.0,7,0.4507370888307285,0.05306545850049194,0.023918570281979572,0.23323551291455605,0.026603803453051668,0.08407717908344292,mid
47,74891.45784655388,2027-2028,2027,2027,2027-47,0.0,8,0.4507370888307285,0.05022831697025985,0.022639765368042,0.25587527828259804,0.02523976354913354,0.10931694263257646,mid
48,78791.11519847276,2027-2028,2027,2027,2027-48,0.0,9,0.4507370888307285,0.047484189884816855,0.021402885514167875,0.27727816379676595,0.023918570281979572,0.13323551291455604,mid
49,93357.77378230238,2027-2028,2027,2027,2027-49,0.0,10,0.4507370888307285,0.0448320379004977,0.02020746224961922,0.2974856260463852,0.022639765368042,0.15587527828259803,mid
50,99881.3248097,2027-2028,2027,2027,2027-50,0.0,11,0.4507370888307285,0.04227080979272265,0.019053021748489257,0.3165386477948744,0.021402885514167875,0.17727816379676592,mid
51,109526.88845336525,2027-2028,2027,2027,2027-51,0.0,12,0.4507370888307285,0.03979944203895961,0.017939084641727967,0.3344777324366024,0.02020746224961922,0.19748562604638514,mid
52,97597.25251858615,2027-2028,2027,2027,2027-52,0.0,13,0.4507370888307285,0.037416858376699856,0.01686516581790535,0.3513428982545077,0.019053021748489257,0.2165386477948744,mid
1,88716.35546435432,2027-2028,2027,2028,2028-01,0.0,14,0.4507370888307285,0.02806626102658422,0.012650504789485904,0.36399340304399364,0.017939084641727967,0.23447773243660236,mid
2,84828.87590899944,2027-2028,2027,2028,2028-02,0.0,15,0.4507370888307285,0.026874853634218456,0.012113493289839551,0.3761068963338332,0.01686516581790535,0.25134289825450773,mid
3,68763.05622401096,2027-2028,2027,2028,2028-03,0.0,16,0.4507370888307285,0.02533841532331421,0.011420963558414569,0.3875278598922477,0.012650504789485904,0.2639934030439936,mid
4,60022.082962059045,2027-2028,2027,2028,2028-04,0.0,17,0.4507370888307285,0.020957564754174735,0.009446351726278201,0.396974211618526,0.012113493289839551,0.2761068963338332,mid
5,48451.11924660505,2027-2028,2027,2028,2028-05,0.0,18,0.4507370888307285,0.019842931191062136,0.008943945038927807,0.4059181566574538,0.011420963558414569,0.2875278598922477,mid
6,48583.186685876695,2027-2028,2027,2028,2028-06,0.0,19,0.4507370888307285,0.01847109284060652,0.008325606614497095,0.4142437632719508,0.009446351726278201,0.29697421161852594,mid
7,43047.953588625904,2027-2028,2027,2028,2028-07,0.0,20,0.4507370888307285,0.01739309097156841,0.007839711190292772,0.4220834744622436,0.008943945038927807,0.30591815665745375,mid
8,46424.20742004248,2027-2028,2027,2028,2028-08,0.0,21,0.4507370888307285,0.01616405247948285,0.007285737958309219,0.4293692124205528,0.008325606614497095,0.3142437632719508,mid
9,40645.207521865006,2027-2028,2027,2028,2028-09,0.0,22,0.4507370888307285,0.015119592231622573,0.006814960986789256,0.43618417340734206,0.007839711190292772,0.3220834744622436,mid
10,32985.30510404069,2027-2028,2027,2028,2028-10,0.0,23,0.4507370888307285,0.013932671778213189,0.006279971916945862,0.4424641453242879,0.007285737958309219,0.32936921242055284,mid
11,31108.524501525273,2027-2028,2027,2028,2028-11,0.0,24,0.4507370888307285,0.012883281761658568,0.005806972915836002,0.448271118240124,0.006814960986789256,0.3361841734073421,mid
12,27001.663871025423,2027-2028,2027,2028,2028-12,0.0,25,0.4507370888307285,0.011821258099295946,0.0053282794619933255,0.4507370888307285,0.006279971916945862,0.3424641453242879,mid
13,28771.483090703416,2027-2028,2027,2028,2028-13,0.0,26,0.4507370888307285,0.010794367430770635,0.004865421751514786,0.4507370888307285,0.005806972915836002,0.34827111824012397,mid
14,25397.346219665214,2027-2028,2027,2028,2028-14,0.0,27,0.4507370888307285,0.009874724554315619,0.004450904598617535,0.4507370888307285,0.0053282794619933255,0.3535993977021173,mid
15,21840.778408156617,2027-2028,2027,2028,2028-15,0.0,28,0.4507370888307285,0.008977329209662462,0.004046415233438323,0.4507370888307285,0.004865421751514786,0.35846481945363207,mid
16,23477.614230762567,2027-2028,2027,2028,2028-16,0.0,29,0.4507370888307285,0.008109688823336632,0.0036553375315538494,0.4507370888307285,0.004450904598617535,0.3629157240522496,mid
17,18186.54786064728,2027-2028,2027,2028,2028-17,0.0,30,0.4507370888307285,0.0072920849705532765,0.0032868131511334924,0.4507370888307285,0.004046415233438323,0.3669621392856879,mid
42,80724.96411944448,2028-2029,2028,2028,2028-42,0.0,3,0.5684862776569074,0.06536456158967449,0.03715885630878972,0.1371588563087897,0.0,0.0,mid
43,64292.215837643445,2028-2029,2028,2028,2028-43,0.0,4,0.5684862776569074,0.06214519310897873,0.03532868950479301,0.17248754581358272,0.0,0.0,mid
44,51554.70032329951,2028-2029,2028,2028,2028-44,0.0,5,0.5684862776569074,0.059022885208016594,0.03355370030847629,0.20604124612205904,0.03715885630878972,0.03715885630878972,mid
45,70726.19698527816,2028-2029,2028,2028,2028-45,0.0,6,0.5684862776569074,0.0559966423322492,0.031833322760745554,0.2378745688828046,0.03532868950479301,0.07248754581358273,mid
46,61784.98855322787,2028-2029,2028,2028,2028-46,0.0,7,0.5684862776569074,0.05306545850049194,0.03016698497510176,0.26804155385790635,0.03355370030847629,0.10604124612205902,mid
47,74891.45784655388,2028-2029,2028,2028,2028-47,0.0,8,0.5684862776569074,0.05022831697025985,0.028554108947394293,0.29659566280530064,0.031833322760745554,0.13787456888280458,mid
48,78791.11519847276,2028-2029,2028,2028,2028-48,0.0,9,0.5684862776569074,0.047484189884816855,0.02699411035517331,0.32358977316047394,0.03016698497510176,0.16804155385790634,mid
49,93357.77378230238,2028-2029,2028,2028,2028-49,0.0,10,0.5684862776569074,0.0448320379004977,0.025486398345827332,0.34907617150630127,0.028554108947394293,0.19659566280530064,mid
50,99881.3248097,2028-2029,2028,2028,2028-50,0.0,11,0.5684862776569074,0.04227080979272265,0.02403037531260805,0.3731065468189093,0.02699411035517331,0.22358977316047393,mid
51,109526.88845336525,2028-2029,2028,2028,2028-51,0.0,12,0.5684862776569074,0.03979944203895961,0.022625436657549985,0.3957319834764593,0.025486398345827332,0.24907617150630126,mid
52,97597.25251858615,2028-2029,2028,2028,2028-52,0.0,13,0.5684862776569074,0.037416858376699856,0.021270970540185775,0.4170029540166451,0.02403037531260805,0.27310654681890933,mid
1,88716.35546435432,2028-2029,2028,2029,2029-01,0.0,14,0.5684862776569074,0.02806626102658422,0.015955284258749997,0.43295823827539504,0.022625436657549985,0.2957319834764593,mid
2,84828.87590899944,2028-2029,2028,2029,2029-02,0.0,15,0.5684862776569074,0.026874853634218456,0.01527798550509106,0.4482362237804861,0.021270970540185775,0.3170029540166451,mid
3,68763.05622401096,2028-2029,2028,2029,2029-03,0.0,16,0.5684862776569074,0.02533841532331421,0.014404541408875638,0.4626407651893618,0.015955284258749997,0.33295823827539506,mid
4,60022.082962059045,2028-2029,2028,2029,2029-04,0.0,17,0.5684862776569074,0.020957564754174735,0.011914087975854394,0.4745548531652162,0.01527798550509106,0.34823622378048613,mid
5,48451.11924660505,2028-2029,2028,2029,2029-05,0.0,18,0.5684862776569074,0.019842931191062136,0.011280434090609057,0.48583528725582525,0.014404541408875638,0.3626407651893618,mid
6,48583.186685876695,2028-2029,2028,2029,2029-06,0.0,19,0.5684862776569074,0.01847109284060652,0.010500562813211552,0.4963358500690368,0.011914087975854394,0.3745548531652162,mid
7,43047.953588625904,2028-2029,2028,2029,2029-07,0.0,20,0.5684862776569074,0.01739309097156841,0.009887733543374888,0.5062235836124117,0.011280434090609057,0.3858352872558252,mid
8,46424.20742004248,2028-2029,2028,2029,2029-08,0.0,21,0.5684862776569074,0.01616405247948285,0.00918904202591211,0.5154126256383238,0.010500562813211552,0.39633585006903677,mid
9,40645.207521865006,2028-2029,2028,2029,2029-09,0.0,22,0.5684862776569074,0.015119592231622573,0.00859528070744541,0.5240079063457692,0.009887733543374888,0.4062235836124117,mid
10,32985.30510404069,2028-2029,2028,2029,2029-10,0.0,23,0.5684862776569074,0.013932671778213189,0.00792053271701186,0.5319284390627811,0.00918904202591211,0.41541262563832376,mid
11,31108.524501525273,2028-2029,2028,2029,2029-11,0.0,24,0.5684862776569074,0.012883281761658568,0.0073239688926904035,0.5392524079554715,0.00859528070744541,0.4240079063457692,mid
12,27001.663871025423,2028-2029,2028,2029,2029-12,0.0,25,0.5684862776569074,0.011821258099295946,0.006720223014090321,0.5459726309695617,0.00792053271701186,0.43192843906278106,mid
13,28771.483090703416,2028-2029,2028,2029,2029-13,0.0,26,0.5684862776569074,0.010794367430770635,0.0061364497603797535,0.5521090807299416,0.0073239688926904035,0.43925240795547144,mid
14,25397.346219665214,2028-2029,2028,2029,2029-14,0.0,27,0.5684862776569074,0.009874724554315619,0.00561364540477015,0.5577227261347116,0.006720223014090321,0.44597263096956175,mid
15,21840.778408156617,2028-2029,2028,2029,2029-15,0.0,28,0.5684862776569074,0.008977329209662462,0.005103488465701639,0.5628262146004133,0.0061364497603797535,0.45210908072994155,mid
16,23477.614230762567,2028-2029,2028,2029,2029-16,0.0,29,0.5684862776569074,0.008109688823336632,0.0046102468121344675,0.5674364614125478,0.00561364540477015,0.45772272613471165,mid
17,18186.54786064728,2028-2029,2028,2029,2029-17,0.0,30,0.5684862776569074,0.0072920849705532765,0.004145450241267712,0.5684862776569074,0.005103488465701639,0.4628262146004133,mid
42,80724.96411944448,2029-2030,2029,2029,2029-42,0.0,3,0.6332716676024639,0.06536456158967449,0.04139352491999712,0.14139352491999713,0.0,0.0,mid
43,64292.215837643445,2029-2030,2029,2029,2029-43,0.0,4,0.6332716676024639,0.06214519310897873,0.039354790073600106,0.18074831499359723,0.0,0.0,mid
44,51554.70032329951,2029-2030,2029,2029,2029-44,0.0,5,0.6332716676024639,0.059022885208016594,0.03737752094238947,0.2181258359359867,0.04139352491999712,0.04139352491999712,mid
45,70726.19698527816,2029-2030,2029,2029,2029-45,0.0,6,0.6332716676024639,0.0559966423322492,0.03546108706988217,0.2535869230058689,0.039354790073600106,0.08074831499359722,mid
46,61784.98855322787,2029-2030,2029,2029,2029-46,0.0,7,0.6332716676024639,0.05306545850049194,0.033604851396695876,0.2871917744025647,0.03737752094238947,0.11812583593598669,mid
47,74891.45784655388,2029-2030,2029,2029,2029-47,0.0,8,0.6332716676024639,0.05022831697025985,0.03180817004862159,0.31899994445118635,0.03546108706988217,0.15358692300586888,mid
48,78791.11519847276,2029-2030,2029,2029,2029-48,0.0,9,0.6332716676024639,0.047484189884816855,0.03007039211311002,0.34907033656429637,0.033604851396695876,0.18719177440256474,mid
49,93357.77378230238,2029-2030,2029,2029,2029-49,0.0,10,0.6332716676024639,0.0448320379004977,0.028390859403265044,0.37746119596756145,0.03180817004862159,0.21899994445118634,mid
50,99881.3248097,2029-2030,2029,2029,2029-50,0.0,11,0.6332716676024639,0.04227080979272265,0.026768906208344035,0.4042301021759054,0.03007039211311002,0.24907033656429636,mid
51,109526.88845336525,2029-2030,2029,2029,2029-51,0.0,12,0.6332716676024639,0.03979944203895961,0.025203859029659558,0.429433961205565,0.028390859403265044,0.2774611959675614,mid
52,97597.25251858615,2029-2030,2029,2029,2029-52,0.0,13,0.6332716676024639,0.037416858376699856,0.02369503630065794,0.45312899750622293,0.026768906208344035,0.3042301021759054,mid
1,88716.35546435432,2029-2030,2029,2030,2030-01,0.0,14,0.6332716676024639,0.02806626102658422,0.01777356792367103,0.47090256542989395,0.025203859029659558,0.329433961205565,mid
2,84828.87590899944,2029-2030,2029,2030,2030-02,0.0,15,0.6332716676024639,0.026874853634218456,0.01701908337751366,0.4879216488074076,0.02369503630065794,0.35312899750622295,mid
3,68763.05622401096,2029-2030,2029,2030,2030-03,0.0,16,0.6332716676024639,0.02533841532331421,0.016046100526199012,0.5039677493336067,0.01777356792367103,0.37090256542989397,mid
4,60022.082962059045,2029-2030,2029,2030,2030-04,0.0,17,0.6332716676024639,0.020957564754174735,0.013271831980762856,0.5172395813143695,0.01701908337751366,0.3879216488074076,mid
5,48451.11924660505,2029-2030,2029,2030,2030-05,0.0,18,0.6332716676024639,0.019842931191062136,0.012565966125484863,0.5298055474398543,0.016046100526199012,0.40396774933360663,mid
6,48583.186685876695,2029-2030,2029,2030,2030-06,0.0,19,0.6332716676024639,0.01847109284060652,0.011697219765610823,0.5415027672054652,0.013271831980762856,0.4172395813143695,mid
7,43047.953588625904,2029-2030,2029,2030,2030-07,0.0,20,0.6332716676024639,0.01739309097156841,0.011014551724326485,0.5525173189297916,0.012565966125484863,0.42980554743985433,mid
8,46424.20742004248,2029-2030,2029,2030,2030-08,0.0,21,0.6332716676024639,0.01616405247948285,0.010236236468895847,0.5627535553986875,0.011697219765610823,0.44150276720546516,mid
9,40645.207521865006,2029-2030,2029,2030,2030-09,0.0,22,0.6332716676024639,0.015119592231622573,0.009574809385988885,0.5723283647846764,0.011014551724326485,0.45251731892979163,mid
10,32985.30510404069,2029-2030,2029,2030,2030-10,0.0,23,0.6332716676024639,0.013932671778213189,0.008823166291146852,0.5811515310758233,0.010236236468895847,0.4627535553986875,mid
11,31108.524501525273,2029-2030,2029,2030,2030-11,0.0,24,0.6332716676024639,0.012883281761658568,0.00815861732539793,0.5893101484012212,0.009574809385988885,0.4723283647846764,mid
12,27001.663871025423,2029-2030,2029,2030,2030-12,0.0,25,0.6332716676024639,0.011821258099295946,0.007486067829700276,0.5967962162309215,0.008823166291146852,0.48115153107582326,mid
13,28771.483090703416,2029-2030,2029,2030,2030-13,0.0,26,0.6332716676024639,0.010794367430770635,0.0068357670635978435,0.6036319832945193,0.00815861732539793,0.48931014840122117,mid
14,25397.346219665214,2029-2030,2029,2030,2030-14,0.0,27,0.6332716676024639,0.009874724554315619,0.006253383285626449,0.6098853665801457,0.007486067829700276,0.49679621623092146,mid
15,21840.778408156617,2029-2030,2029,2030,2030-15,0.0,28,0.6332716676024639,0.008977329209662462,0.005685088239219257,0.615570454819365,0.0068357670635978435,0.5036319832945193,mid
16,23477.614230762567,2029-2030,2029,2030,2030-16,0.0,29,0.6332716676024639,0.008109688823336632,0.005135636164891452,0.6207060909842564,0.006253383285626449,0.5098853665801457,mid
17,18186.54786064728,2029-2030,2029,2030,2030-17,0.0,30,0.6332716676024639,0.0072920849705532765,0.0046178708096011375,0.6253239617938575,0.005685088239219257,0.515570454819365,mid
42,80724.96411944448,2030-2031,2030,2030,2030-42,0.0,3,0.6541255400162422,0.06536456158967449,0.04275662914777075,0.14275662914777076,0.0,0.0,mid
43,64292.215837643445,2030-2031,2030,2030,2030-43,0.0,4,0.6541255400162422,0.06214519310897873,0.04065075800182437,0.18340738714959512,0.0,0.0,mid
44,51554.70032329951,2030-2031,2030,2030,2030-44,0.0,5,0.6541255400162422,0.059022885208016594,0.03860837666001053,0.22201576380960567,0.04275662914777075,0.04275662914777075,mid
45,70726.19698527816,2030-2031,2030,2030,2030-45,0.0,6,0.6541255400162422,0.0559966423322492,0.03662883390467888,0.2586445977142845,0.04065075800182437,0.08340738714959511,mid
46,61784.98855322787,2030-2031,2030,2030,2030-46,0.0,7,0.6541255400162422,0.05306545850049194,0.03471147169784378,0.29335606941212833,0.03860837666001053,0.12201576380960566,mid
47,74891.45784655388,2030-2031,2030,2030,2030-47,0.0,8,0.6541255400162422,0.05022831697025985,0.03285562496227821,0.32621169437440656,0.03662883390467888,0.15864459771428452,mid
48,78791.11519847276,2030-2031,2030,2030,2030-48,0.0,9,0.6541255400162422,0.047484189884816855,0.03106062135063961,0.35727231572504614,0.03471147169784378,0.19335606941212832,mid
49,93357.77378230238,2030-2031,2030,2030,2030-49,0.0,10,0.6541255400162422,0.0448320379004977,0.029325781001691698,0.38659809672673784,0.03285562496227821,0.22621169437440652,mid
50,99881.3248097,2030-2031,2030,2030,2030-50,0.0,11,0.6541255400162422,0.04227080979272265,0.027650416282588564,0.4142485130093264,0.03106062135063961,0.25727231572504616,mid
51,109526.88845336525,2030-2031,2030,2030,2030-51,0.0,12,0.6541255400162422,0.03979944203895961,0.02603383151607959,0.44028234452540604,0.029325781001691698,0.28659809672673786,mid
52,97597.25251858615,2030-2031,2030,2030,2030-52,0.0,13,0.6541255400162422,0.037416858376699856,0.02447532269137005,0.464757667216776,0.027650416282588564,0.3142485130093264,mid
1,88716.35546435432,2030-2031,2030,2031,2031-01,0.0,14,0.6541255400162422,0.02806626102658422,0.018358858150251216,0.4831165253670272,0.02603383151607959,0.340282344525406,mid
2,84828.87590899944,2030-2031,2030,2031,2031-02,0.0,15,0.6541255400162422,0.026874853634218456,0.017579528146340617,0.5006960535133679,0.02447532269137005,0.36475766721677605,mid
3,68763.05622401096,2030-2031,2030,2031,2031-03,0.0,16,0.6541255400162422,0.02533841532331421,0.016574504606518735,0.5172705581198866,0.018358858150251216,0.3831165253670272,mid
4,60022.082962059045,2030-2031,2030,2031,2031-04,0.0,17,0.6541255400162422,0.020957564754174735,0.013708878362249913,0.5309794364821365,0.017579528146340617,0.40069605351336784,mid
5,48451.11924660505,2030-2031,2030,2031,2031-05,0.0,18,0.6541255400162422,0.019842931191062136,0.012979768080858656,0.5439592045629952,0.016574504606518735,0.4172705581198866,mid
6,48583.186685876695,2030-2031,2030,2031,2031-06,0.0,19,0.6541255400162422,0.01847109284060652,0.012082413579051885,0.5560416181420471,0.013708878362249913,0.4309794364821365,mid
7,43047.953588625904,2030-2031,2030,2031,2031-07,0.0,20,0.6541255400162422,0.01739309097156841,0.011377265024328813,0.5674188831663759,0.012979768080858656,0.44395920456299515,mid
8,46424.20742004248,2030-2031,2030,2031,2031-08,0.0,21,0.6541255400162422,0.01616405247948285,0.010573319556992599,0.5779922027233685,0.012082413579051885,0.4560416181420471,mid
9,40645.207521865006,2030-2031,2030,2031,2031-09,0.0,22,0.6541255400162422,0.015119592231622573,0.009890111433335496,0.587882314156704,0.011377265024328813,0.46741888316637586,mid
10,32985.30510404069,2030-2031,2030,2031,2031-10,0.0,23,0.6541255400162422,0.013932671778213189,0.00911371645079276,0.5969960306074967,0.010573319556992599,0.47799220272336845,mid
11,31108.524501525273,2030-2031,2030,2031,2031-11,0.0,24,0.6541255400162422,0.012883281761658568,0.008427283639526315,0.605423314247023,0.009890111433335496,0.48788231415670397,mid
12,27001.663871025423,2030-2031,2030,2031,2031-12,0.0,25,0.6541255400162422,0.011821258099295946,0.007732586837873338,0.6131559010848964,0.00911371645079276,0.49699603060749675,mid
13,28771.483090703416,2030-2031,2030,2031,2031-13,0.0,26,0.6541255400162422,0.010794367430770635,0.007060871424786579,0.6202167725096829,0.008427283639526315,0.505423314247023,mid
14,25397.346219665214,2030-2031,2030,2031,2031-14,0.0,27,0.6541255400162422,0.009874724554315619,0.0064593095316033515,0.6266760820412863,0.007732586837873338,0.5131559010848964,mid
15,21840.778408156617,2030-2031,2030,2031,2031-15,0.0,28,0.6541255400162422,0.008977329209662462,0.005872300317174043,0.6325483823584603,0.007060871424786579,0.5202167725096829,mid
16,23477.614230762567,2030-2031,2030,2031,2031-16,0.0,29,0.6541255400162422,0.008109688823336632,0.005304754580928758,0.637853136939389,0.0064593095316033515,0.5266760820412864,mid
17,18186.54786064728,2030-2031,2030,2031,2031-17,0.0,30,0.6541255400162422,0.0072920849705532765,0.004769939019207486,0.6426230759585966,0.005872300317174043,0.5325483823584604,mid
42,80724.96411944448,2026-2027,2026,2026,2026-42,0.0,3,0.35080806549423915,0.06536456158967449,0.022930415403152757,0.12293041540315276,0.0,0.0,high
43,64292.215837643445,2026-2027,2026,2026,2026-43,0.0,4,0.35080806549423915,0.06214519310897873,0.02180103497432675,0.14473145037747953,0.0,0.0,high
44,51554.70032329951,2026-2027,2026,2026,2026-44,0.0,5,0.35080806549423915,0.059022885208016594,0.020705704179712844,0.16543715455719235,0.022930415403152757,0.022930415403152757,high
45,70726.19698527816,2026-2027,2026,2026,2026-45,0.0,6,0.35080806549423915,0.0559966423322492,0.01964407377074916,0.18508122832794152,0.02180103497432675,0.04473145037747951,high
46,61784.98855322787,2026-2027,2026,2026,2026-46,0.0,7,0.35080806549423915,0.05306545850049194,0.018615790841122408,0.2036970191690639,0.020705704179712844,0.06543715455719235,high
47,74891.45784655388,2026-2027,2026,2026,2026-47,0.0,8,0.35080806549423915,0.05022831697025985,0.01762049870936832,0.22131751787843224,0.01964407377074916,0.08508122832794152,high
48,78791.11519847276,2026-2027,2026,2026,2026-48,0.0,9,0.35080806549423915,0.047484189884816855,0.01665783679505372,0.23797535467348596,0.018615790841122408,0.10369701916906392,high
49,93357.77378230238,2026-2027,2026,2026,2026-49,0.0,10,0.35080806549423915,0.0448320379004977,0.01572744048803801,0.25370279516152394,0.01762049870936832,0.12131751787843224,high
50,99881.3248097,2026-2027,2026,2026,2026-50,0.0,11,0.35080806549423915,0.04227080979272265,0.014828941010259973,0.26853173617178394,0.01665783679505372,0.13797535467348596,high
51,109526.88845336525,2026-2027,2026,2026,2026-51,0.0,12,0.35080806549423915,0.03979944203895961,0.013961965269437519,0.28249370144122143,0.01572744048803801,0.15370279516152396,high
52,97597.25251858615,2026-2027,2026,2026,2026-52,0.0,13,0.35080806549423915,0.037416858376699856,0.013126135704001994,0.29561983714522344,0.014828941010259973,0.16853173617178394,high
1,88716.35546435432,2026-2027,2026,2027,2027-01,0.0,14,0.35080806549423915,0.02806626102658422,0.009845870736392369,0.30546570788161587,0.013961965269437519,0.18249370144122146,high
2,84828.87590899944,2026-2027,2026,2027,2027-02,0.0,15,0.35080806549423915,0.026874853634218456,0.009427915413861,0.3148936232954768,0.013126135704001994,0.19561983714522346,high
3,68763.05622401096,2026-2027,2026,2027,2027-03,0.0,16,0.35080806549423915,0.02533841532331421,0.008888920462261444,0.3237825437577383,0.009845870736392369,0.20546570788161583,high
4,60022.082962059045,2026-2027,2026,2027,2027-04,0.0,17,0.35080806549423915,0.020957564754174735,0.007352082748882288,0.33113462650662057,0.009427915413861,0.21489362329547682,high
5,48451.11924660505,2026-2027,2026,2027,2027-05,0.0,18,0.35080806549423915,0.019842931191062136,0.0069610603048718064,0.3380956868114924,0.008888920462261444,0.22378254375773826,high
6,48583.186685876695,2026-2027,2026,2027,2027-06,0.0,19,0.35080806549423915,0.01847109284060652,0.006479808346977664,0.34457549515847,0.007352082748882288,0.23113462650662056,high
7,43047.953588625904,2026-2027,2026,2027,2027-07,0.0,20,0.35080806549423915,0.01739309097156841,0.00610163659670123,0.35067713175517123,0.0069610603048718064,0.23809568681149237,high
8,46424.20742004248,2026-2027,2026,2027,2027-08,0.0,21,0.35080806549423915,0.01616405247948285,0.005670479980874739,0.35080806549423915,0.006479808346977664,0.24457549515847002,high
9,40645.207521865006,2026-2027,2026,2027,2027-09,0.0,22,0.35080806549423915,0.015119592231622573,0.005304074901837241,0.35080806549423915,0.00610163659670123,0.25067713175517126,high
10,32985.30510404069,2026-2027,2026,2027,2027-10,0.0,23,0.35080806549423915,0.013932671778213189,0.0048876936336811495,0.35080806549423915,0.005670479980874739,0.256347611736046,high
11,31108.524501525273,2026-2027,2026,2027,2027-11,0.0,24,0.35080806549423915,0.012883281761658568,0.004519559152024655,0.35080806549423915,0.005304074901837241,0.26165168663788324,high
12,27001.663871025423,2026-2027,2026,2027,2027-12,0.0,25,0.35080806549423915,0.011821258099295946,0.004146992685522117,0.35080806549423915,0.0048876936336811495,0.2665393802715644,high
13,28771.483090703416,2026-2027,2026,2027,2027-13,0.0,26,0.35080806549423915,0.010794367430770635,0.003786751156622667,0.35080806549423915,0.004519559152024655,0.27105893942358905,high
14,25397.346219665214,2026-2027,2026,2027,2027-14,0.0,27,0.35080806549423915,0.009874724554315619,0.0034641330181879254,0.35080806549423915,0.004146992685522117,0.27520593210911115,high
15,21840.778408156617,2026-2027,2026,2027,2027-15,0.0,28,0.35080806549423915,0.008977329209662462,0.003149319493346615,0.35080806549423915,0.003786751156622667,0.27899268326573384,high
16,23477.614230762567,2026-2027,2026,2027,2027-16,0.0,29,0.35080806549423915,0.008109688823336632,0.0028449442478749765,0.35080806549423915,0.0034641330181879254,0.2824568162839218,high
17,18186.54786064728,2026-2027,2026,2027,2027-17,0.0,30,0.35080806549423915,0.0072920849705532765,0.0025581222219394108,0.35080806549423915,0.003149319493346615,0.28560613577726834,high
42,80724.96411944448,2027-2028,2027,2027,2027-42,0.0,3,0.5601890267800649,0.06536456158967449,0.03661651014282536,0.13661651014282536,0.0,0.0,high
43,64292.215837643445,2027-2028,2027,2027,2027-43,0.0,4,0.5601890267800649,0.06214519310897873,0.03481305524677799,0.17142956538960336,0.0,0.0,high
44,51554.70032329951,2027-2028,2027,2027,2027-44,0.0,5,0.5601890267800649,0.059022885208016594,0.033063972622430306,0.20449353801203365,0.03661651014282536,0.03661651014282536,high
45,70726.19698527816,2027-2028,2027,2027,2027-45,0.0,6,0.5601890267800649,0.0559966423322492,0.03136870457105406,0.23586224258308772,0.03481305524677799,0.07142956538960335,high
46,61784.98855322787,2027-2028,2027,2027,2027-46,0.0,7,0.5601890267800649,0.05306545850049194,0.029726687553028503,0.26558893013611623,0.033063972622430306,0.10449353801203365,high
47,74891.45784655388,2027-2028,2027,2027,2027-47,0.0,8,0.5601890267800649,0.05022831697025985,0.02813735200037048,0.2937262821364867,0.03136870457105406,0.1358622425830877,high
48,78791.11519847276,2027-2028,2027,2027,2027-48,0.0,9,0.5601890267800649,0.047484189884816855,0.026600122119015353,0.3203264042555021,0.029726687553028503,0.16558893013611622,high
49,93357.77378230238,2027-2028,2027,2027,2027-49,0.0,10,0.5601890267800649,0.0448320379004977,0.02511441568004679,0.34544081993554887,0.02813735200037048,0.1937262821364867,high
50,99881.3248097,2027-2028,2027,2027,2027-50,0.0,11,0.5601890267800649,0.04227080979272265,0.023679643798990537,0.36912046373453944,0.026600122119015353,0.22032640425550204,high
51,109526.88845336525,2027-2028,2027,2027,2027-51,0.0,12,0.5601890267800649,0.03979944203895961,0.022295210702194385,0.39141567443673375,0.02511441568004679,0.24544081993554884,high
52,97597.25251858615,2027-2028,2027,2027,2027-52,0.0,13,0.5601890267800649,0.037416858376699856,0.02096051347921101,0.41237618791594477,0.023679643798990537,0.2691204637345394,high
1,88716.35546435432,2027-2028,2027,2028,2028-01,0.0,14,0.5601890267800649,0.02806626102658422,0.01572241144983748,0.4280985993657822,0.022295210702194385,0.2914156744367338,high
2,84828.87590899944,2027-2028,2027,2028,2028-02,0.0,15,0.5601890267800649,0.026874853634218456,0.015054998102209527,0.44315359746799177,0.02096051347921101,0.3123761879159448,high
3,68763.05622401096,2027-2028,2027,2028,2028-03,0.0,16,0.5601890267800649,0.02533841532331421,0.014194302220116469,0.4573478996881083,0.01572241144983748,0.32809859936578223,high
4,60022.082962059045,2027-2028,2027,2028,2028-04,0.0,17,0.5601890267800649,0.020957564754174735,0.011740197803321334,0.46908809749142955,0.015054998102209527,0.3431535974679918,high
5,48451.11924660505,2027-2028,2027,2028,2028-05,0.0,18,0.5601890267800649,0.019842931191062136,0.011115792312384892,0.48020388980381445,0.014194302220116469,0.35734789968810826,high
6,48583.186685876695,2027-2028,2027,2028,2028-06,0.0,19,0.5601890267800649,0.01847109284060652,0.010347303521943591,0.49055119332575803,0.011740197803321334,0.36908809749142957,high
7,43047.953588625904,2027-2028,2027,2028,2028-07,0.0,20,0.5601890267800649,0.01739309097156841,0.00974341870406004,0.5002946120298181,0.011115792312384892,0.3802038898038145,high
8,46424.20742004248,2027-2028,2027,2028,2028-08,0.0,21,0.5601890267800649,0.01616405247948285,0.009054924827303393,0.5093495368571215,0.010347303521943591,0.39055119332575805,high
9,40645.207521865006,2027-2028,2027,2028,2028-09,0.0,22,0.5601890267800649,0.015119592231622573,0.008469829657544078,0.5178193665146655,0.00974341870406004,0.4002946120298181,high
10,32985.30510404069,2027-2028,2027,2028,2028-10,0.0,23,0.5601890267800649,0.013932671778213189,0.007804929843883322,0.5256242963585489,0.009054924827303393,0.4093495368571215,high
11,31108.524501525273,2027-2028,2027,2028,2028-11,0.0,24,0.5601890267800649,0.012883281761658568,0.007217073071796873,0.5328413694303458,0.008469829657544078,0.41781936651466556,high
12,27001.663871025423,2027-2028,2027,2028,2028-12,0.0,25,0.5601890267800649,0.011821258099295946,0.0066221390699605556,0.5394635085003063,0.007804929843883322,0.4256242963585489,high
13,28771.483090703416,2027-2028,2027,2028,2028-13,0.0,26,0.5601890267800649,0.010794367430770635,0.006046886185749832,0.5455103946860562,0.007217073071796873,0.4328413694303458,high
14,25397.346219665214,2027-2028,2027,2028,2028-14,0.0,27,0.5601890267800649,0.009874724554315619,0.005531712337803277,0.5510421070238595,0.0066221390699605556,0.43946350850030635,high
15,21840.778408156617,2027-2028,2027,2028,2028-15,0.0,28,0.5601890267800649,0.008977329209662462,0.005029001313045064,0.5560711083369045,0.006046886185749832,0.4455103946860562,high
16,23477.614230762567,2027-2028,2027,2028,2028-16,0.0,29,0.5601890267800649,0.008109688823336632,0.004542958689434117,0.5601890267800649,0.005531712337803277,0.45104210702385944,high
17,18186.54786064728,2027-2028,2027,2028,2028-17,0.0,30,0.5601890267800649,0.0072920849705532765,0.004084945982851778,0.5601890267800649,0.005029001313045064,0.4560711083369045,high
42,80724.96411944448,2028-2029,2028,2028,2028-42,0.0,3,0.7722854963084588,0.06536456158967449,0.050480102888266584,0.15048010288826658,0.0,0.0,high
43,64292.215837643445,2028-2029,2028,2028,2028-43,0.0,4,0.7722854963084588,0.06214519310897873,0.04799383130335265,0.19847393419161924,0.0,0.0,high
44,51554.70032329951,2028-2029,2028,2028,2028-44,0.0,5,0.7722854963084588,0.059022885208016594,0.045582518196430284,0.24405645238804952,0.050480102888266584,0.050480102888266584,high
45,70726.19698527816,2028-2029,2028,2028,2028-45,0.0,6,0.7722854963084588,0.0559966423322492,0.04324539471516833,0.2873018471032178,0.04799383130335265,0.09847393419161923,high
46,61784.98855322787,2028-2029,2028,2028,2028-46,0.0,7,0.7722854963084588,0.05306545850049194,0.04098168395488834,0.32828353105810615,0.045582518196430284,0.1440564523880495,high
47,74891.45784655388,2028-2029,2028,2028,2028-47,0.0,8,0.7722854963084588,0.05022831697025985,0.03879060070011571,0.3670741317582219,0.04324539471516833,0.18730184710321784,high
48,78791.11519847276,2028-2029,2028,2028,2028-48,0.0,9,0.7722854963084588,0.047484189884816855,0.03667135115200088,0.40374548291022283,0.04098168395488834,0.22828353105810617,high
49,93357.77378230238,2028-2029,2028,2028,2028-49,0.0,10,0.7722854963084588,0.0448320379004977,0.034623132640505504,0.43836861555072826,0.03879060070011571,0.2670741317582219,high
50,99881.3248097,2028-2029,2028,2028,2028-50,0.0,11,0.7722854963084588,0.04227080979272265,0.032645133320133274,0.47101374887086156,0.03667135115200088,0.3037454829102228,high
51,109526.88845336525,2028-2029,2028,2028,2028-51,0.0,12,0.7722854963084588,0.03979944203895961,0.03073653184785766,0.5017502807187192,0.034623132640505504,0.3383686155507283,high
52,97597.25251858615,2028-2029,2028,2028,2028-52,0.0,13,0.7722854963084588,0.037416858376699856,0.028896497041752962,0.5306467777604722,0.032645133320133274,0.3710137488708616,high
1,88716.35546435432,2028-2029,2028,2029,2029-01,0.0,14,0.7722854963084588,0.02806626102658422,0.021675166326438348,0.5523219440869105,0.03073653184785766,0.4017502807187192,high
2,84828.87590899944,2028-2029,2028,2029,2029-02,0.0,15,0.7722854963084588,0.026874853634218456,0.02075505967711959,0.5730770037640301,0.028896497041752962,0.43064677776047217,high
3,68763.05622401096,2028-2029,2028,2029,2029-03,0.0,16,0.7722854963084588,0.02533841532331421,0.01956849065363557,0.5926454944176657,0.021675166326438348,0.4523219440869105,high
4,60022.082962059045,2028-2029,2028,2029,2029-04,0.0,17,0.7722854963084588,0.020957564754174735,0.016185223297594496,0.6088307177152602,0.02075505967711959,0.4730770037640301,high
5,48451.11924660505,2028-2029,2028,2029,2029-05,0.0,18,0.7722854963084588,0.019842931191062136,0.015324407963104018,0.6241551256783642,0.01956849065363557,0.4926454944176657,high
6,48583.186685876695,2028-2029,2028,2029,2029-06,0.0,19,0.7722854963084588,0.01847109284060652,0.014264957101767426,0.6384200827801316,0.016185223297594496,0.5088307177152602,high
7,43047.953588625904,2028-2029,2028,2029,2029-07,0.0,20,0.7722854963084588,0.01739309097156841,0.013432431893315883,0.6518525146734475,0.015324407963104018,0.5241551256783642,high
8,46424.20742004248,2028-2029,2028,2029,2029-08,0.0,21,0.7722854963084588,0.01616405247948285,0.012483263291473387,0.6643357779649208,0.014264957101767426,0.5384200827801316,high
9,40645.207521865006,2028-2029,2028,2029,2029-09,0.0,22,0.7722854963084588,0.015119592231622573,0.011676641790580157,0.6760124197555011,0.013432431893315883,0.5518525146734475,high
10,32985.30510404069,2028-2029,2028,2029,2029-10,0.0,23,0.7722854963084588,0.013932671778213189,0.01076000033914023,0.6867724200946412,0.012483263291473387,0.5643357779649208,high
11,31108.524501525273,2028-2029,2028,2029,2029-11,0.0,24,0.7722854963084588,0.012883281761658568,0.009949571649384202,0.6967219917440255,0.011676641790580157,0.5760124197555011,high
12,27001.663871025423,2028-2029,2028,2029,2029-12,0.0,25,0.7722854963084588,0.011821258099295946,0.009129386178205157,0.7058513779222306,0.01076000033914023,0.5867724200946413,high
13,28771.483090703416,2028-2029,2028,2029,2029-13,0.0,26,0.7722854963084588,0.010794367430770635,0.008336333408608563,0.7141877113308391,0.009949571649384202,0.5967219917440255,high
14,25397.346219665214,2028-2029,2028,2029,2029-14,0.0,27,0.7722854963084588,0.009874724554315619,0.007626106553338962,0.7218138178841781,0.009129386178205157,0.6058513779222306,high
15,21840.778408156617,2028-2029,2028,2029,2029-15,0.0,28,0.7722854963084588,0.008977329209662462,0.006933061144208598,0.7287468790283868,0.008336333408608563,0.6141877113308392,high
16,23477.614230762567,2028-2029,2028,2029,2029-16,0.0,29,0.7722854963084588,0.008109688823336632,0.006262995057837692,0.7350098740862244,0.007626106553338962,0.6218138178841781,high
17,18186.54786064728,2028-2029,2028,2029,2029-17,0.0,30,0.7722854963084588,0.0072920849705532765,0.0056315714606071906,0.7406414455468316,0.006933061144208598,0.6287468790283868,high
42,80724.96411944448,2029-2030,2029,2029,2029-42,0.0,3,0.8939576025025051,0.06536456158967449,0.058433146767332744,0.15843314676733275,0.0,0.0,high
43,64292.215837643445,2029-2030,2029,2029,2029-43,0.0,4,0.8939576025025051,0.06214519310897873,0.05555516783875783,0.21398831460609058,0.0,0.0,high
44,51554.70032329951,2029-2030,2029,2029,2029-44,0.0,5,0.8939576025025051,0.059022885208016594,0.05276395695333909,0.2667522715594297,0.058433146767332744,0.058433146767332744,high
45,70726.19698527816,2029-2030,2029,2029,2029-45,0.0,6,0.8939576025025051,0.0559966423322492,0.05005862412752778,0.3168108956869574,0.05555516783875783,0.11398831460609057,high
46,61784.98855322787,2029-2030,2029,2029,2029-46,0.0,7,0.8939576025025051,0.05306545850049194,0.047438270056795954,0.36424916574375343,0.05276395695333909,0.16675227155942968,high
47,74891.45784655388,2029-2030,2029,2029,2029-47,0.0,8,0.8939576025025051,0.05022831697025985,0.044901985816469384,0.40915115156022275,0.05005862412752778,0.21681089568695744,high
48,78791.11519847276,2029-2030,2029,2029,2029-48,0.0,9,0.8939576025025051,0.047484189884816855,0.04244885254620458,0.4516000041064273,0.047438270056795954,0.2642491657437534,high
49,93357.77378230238,2029-2030,2029,2029,2029-49,0.0,10,0.8939576025025051,0.0448320379004977,0.04007794111683037,0.4916779452232577,0.044901985816469384,0.30915115156022277,high
50,99881.3248097,2029-2030,2029,2029,2029-50,0.0,11,0.8939576025025051,0.04227080979272265,0.03778831177814176,0.5294662570013995,0.04244885254620458,0.35160000410642733,high
51,109526.88845336525,2029-2030,2029,2029,2029-51,0.0,12,0.8939576025025051,0.03979944203895961,0.035579013786085745,0.5650452707874852,0.04007794111683037,0.3916779452232577,high
52,97597.25251858615,2029-2030,2029,2029,2029-52,0.0,13,0.8939576025025051,0.037416858376699856,0.03344908500761038,0.5984943557950956,0.03778831177814176,0.4294662570013995,high
1,88716.35546435432,2029-2030,2029,2030,2030-01,0.0,14,0.8939576025025051,0.02806626102658422,0.02509004741853473,0.6235844032136303,0.035579013786085745,0.46504527078748525,high
2,84828.87590899944,2029-2030,2029,2030,2030-02,0.0,15,0.8939576025025051,0.026874853634218456,0.024024979722451666,0.647609382936082,0.03344908500761038,0.4984943557950956,high
3,68763.05622401096,2029-2030,2029,2030,2030-03,0.0,16,0.8939576025025051,0.02533841532331421,0.02265146901364271,0.6702608519497247,0.02509004741853473,0.5235844032136303,high
4,60022.082962059045,2029-2030,2029,2030,2030-04,0.0,17,0.8939576025025051,0.020957564754174735,0.018735174341933048,0.6889960262916578,0.024024979722451666,0.547609382936082,high
5,48451.11924660505,2029-2030,2029,2030,2030-05,0.0,18,0.8939576025025051,0.019842931191062136,0.017738739194184085,0.7067347654858418,0.02265146901364271,0.5702608519497248,high
6,48583.186685876695,2029-2030,2029,2030,2030-06,0.0,19,0.8939576025025051,0.01847109284060652,0.01651237387138979,0.7232471393572316,0.018735174341933048,0.5889960262916578,high
7,43047.953588625904,2029-2030,2029,2030,2030-07,0.0,20,0.8939576025025051,0.01739309097156841,0.015548685905051263,0.7387958252622829,0.017738739194184085,0.6067347654858418,high
8,46424.20742004248,2029-2030,2029,2030,2030-08,0.0,21,0.8939576025025051,0.01616405247948285,0.014449977601283163,0.753245802863566,0.01651237387138979,0.6232471393572316,high
9,40645.207521865006,2029-2030,2029,2030,2030-09,0.0,22,0.8939576025025051,0.015119592231622573,0.013516274422196816,0.7667620772857628,0.015548685905051263,0.638795825262283,high
10,32985.30510404069,2029-2030,2029,2030,2030-10,0.0,23,0.8939576025025051,0.013932671778213189,0.012455217859305777,0.7792172951450687,0.014449977601283163,0.653245802863566,high
11,31108.524501525273,2029-2030,2029,2030,2030-11,0.0,24,0.8939576025025051,0.012883281761658568,0.011517107676016543,0.7907344028210852,0.013516274422196816,0.6667620772857629,high
12,27001.663871025423,2029-2030,2029,2030,2030-12,0.0,25,0.8939576025025051,0.011821258099295946,0.010567703549009924,0.8013021063700951,0.012455217859305777,0.6792172951450687,high
13,28771.483090703416,2029-2030,2029,2030,2030-13,0.0,26,0.8939576025025051,0.010794367430770635,0.009649706828942842,0.810951813199038,0.011517107676016543,0.6907344028210852,high
14,25397.346219665214,2029-2030,2029,2030,2030-14,0.0,27,0.8939576025025051,0.009874724554315619,0.008827585087948609,0.8197793982869865,0.010567703549009924,0.7013021063700952,high
15,21840.778408156617,2029-2030,2029,2030,2030-15,0.0,28,0.8939576025025051,0.008977329209662462,0.008025351697145564,0.8278047499841321,0.009649706828942842,0.710951813199038,high
16,23477.614230762567,2029-2030,2029,2030,2030-16,0.0,29,0.8939576025025051,0.008109688823336632,0.007249717977551377,0.8350544679616835,0.008827585087948609,0.7197793982869866,high
17,18186.54786064728,2029-2030,2029,2030,2030-17,0.0,30,0.8939576025025051,0.0072920849705532765,0.006518814797520357,0.8415732827592038,0.008025351697145564,0.7278047499841321,high
42,80724.96411944448,2030-2031,2030,2030,2030-42,0.0,3,0.9214284320973115,0.06536456158967449,0.06022876550030192,0.16022876550030193,0.0,0.0,high
43,64292.215837643445,2030-2031,2030,2030,2030-43,0.0,4,0.9214284320973115,0.06214519310897873,0.05726234784879092,0.21749111334909285,0.0,0.0,high
44,51554.70032329951,2030-2031,2030,2030,2030-44,0.0,5,0.9214284320973115,0.059022885208016594,0.05438536457508233,0.27187647792417513,0.06022876550030192,0.06022876550030192,high
45,70726.19698527816,2030-2031,2030,2030,2030-45,0.0,6,0.9214284320973115,0.0559966423322492,0.05159689834691832,0.3234733762710935,0.05726234784879092,0.11749111334909285,high
46,61784.98855322787,2030-2031,2030,2030,2030-46,0.0,7,0.9214284320973115,0.05306545850049194,0.04889602222463324,0.3723693984957267,0.05438536457508233,0.17187647792417515,high
47,74891.45784655388,2030-2031,2030,2030,2030-47,0.0,8,0.9214284320973115,0.05022831697025985,0.046281799352793314,0.41865119784852,0.05159689834691832,0.22347337627109348,high
48,78791.11519847276,2030-2031,2030,2030,2030-48,0.0,9,0.9214284320973115,0.047484189884816855,0.04375328263497781,0.4624044804834978,0.04889602222463324,0.2723693984957267,high
49,93357.77378230238,2030-2031,2030,2030,2030-49,0.0,10,0.9214284320973115,0.0448320379004977,0.04130951439038284,0.5037139948738807,0.046281799352793314,0.31865119784852003,high
50,99881.3248097,2030-2031,2030,2030,2030-50,0.0,11,0.9214284320973115,0.04227080979272265,0.038949525990792114,0.5426635208646728,0.04375328263497781,0.3624044804834978,high
51,109526.88845336525,2030-2031,2030,2030,2030-51,0.0,12,0.9214284320973115,0.03979944203895961,0.03667233747630638,0.5793358583409792,0.04130951439038284,0.4037139948738807,high
52,97597.25251858615,2030-2031,2030,2030,2030-52,0.0,13,0.9214284320973115,0.037416858376699856,0.03447695714804971,0.6138128154890289,0.038949525990792114,0.4426635208646728,high
1,88716.35546435432,2030-2031,2030,2031,2031-01,0.0,14,0.9214284320973115,0.02806626102658422,0.025861050892559377,0.6396738663815883,0.03667233747630638,0.4793358583409792,high
2,84828.87590899944,2030-2031,2030,2031,2031-02,0.0,15,0.9214284320973115,0.026874853634218456,0.024763254247022647,0.6644371206286109,0.03447695714804971,0.5138128154890289,high
3,68763.05622401096,2030-2031,2030,2031,2031-03,0.0,16,0.9214284320973115,0.02533841532331421,0.023347536303191904,0.6877846569318028,0.025861050892559377,0.5396738663815883,high
4,60022.082962059045,2030-2031,2030,2031,2031-04,0.0,17,0.9214284320973115,0.020957564754174735,0.019310896032017102,0.7070955529638199,0.024763254247022647,0.564437120628611,high
5,48451.11924660505,2030-2031,2030,2031,2031-05,0.0,18,0.9214284320973115,0.019842931191062136,0.018283840975595222,0.7253793939394151,0.023347536303191904,0.5877846569318028,high
6,48583.186685876695,2030-2031,2030,2031,2031-06,0.0,19,0.9214284320973115,0.01847109284060652,0.017019790115243943,0.7423991840546591,0.019310896032017102,0.6070955529638199,high
7,43047.953588625904,2030-2031,2030,2031,2031-07,0.0,20,0.9214284320973115,0.01739309097156841,0.016026488543258183,0.7584256725979173,0.018283840975595222,0.6253793939394151,high
8,46424.20742004248,2030-2031,2030,2031,2031-08,0.0,21,0.9214284320973115,0.01616405247948285,0.014894017532508543,0.7733196901304258,0.017019790115243943,0.6423991840546591,high
9,40645.207521865006,2030-2031,2030,2031,2031-09,0.0,22,0.9214284320973115,0.015119592231622573,0.013931622163934678,0.7872513122943605,0.016026488543258183,0.6584256725979173,high
10,32985.30510404069,2030-2031,2030,2031,2031-10,0.0,23,0.9214284320973115,0.013932671778213189,0.01283795991152544,0.8000892722058859,0.014894017532508543,0.6733196901304258,high
11,31108.524501525273,2030-2031,2030,2031,2031-11,0.0,24,0.9214284320973115,0.012883281761658568,0.011871022113912943,0.8119602943197989,0.013931622163934678,0.6872513122943605,high
12,27001.663871025423,2030-2031,2030,2031,2031-12,0.0,25,0.9214284320973115,0.011821258099295946,0.010892443315851909,0.8228527376356508,0.01283795991152544,0.7000892722058859,high
13,28771.483090703416,2030-2031,2030,2031,2031-13,0.0,26,0.9214284320973115,0.010794367430770635,0.009946237057217271,0.832798974692868,0.011871022113912943,0.7119602943197989,high
14,25397.346219665214,2030-2031,2030,2031,2031-14,0.0,27,0.9214284320973115,0.009874724554315619,0.009098851963475865,0.8418978266563439,0.010892443315851909,0.7228527376356508,high
15,21840.778408156617,2030-2031,2030,2031,2031-15,0.0,28,0.9214284320973115,0.008977329209662462,0.008271966378080678,0.8501697930344246,0.009946237057217271,0.732798974692868,high
16,23477.614230762567,2030-2031,2030,2031,2031-16,0.0,29,0.9214284320973115,0.008109688823336632,0.007472497857284164,0.8576422908917087,0.009098851963475865,0.741897826656344,high
17,18186.54786064728,2030-2031,2030,2031,2031-17,0.0,30,0.9214284320973115,0.0072920849705532765,0.006719134421137276,0.864361425312846,0.008271966378080678,0.7501697930344247,high
